{"marketMakersInMap":{"0x0199f0413b9a4b1f3db7b953ff601ac88e5c9be0":true,"0xe70637854eb9ba77911a6d8f0c4581b7a1c00ce6":true,"0x440af375aa3a15aa10423efa3bc03650a06ddca7":true,"0x704c49f3aacb77e5f7d79092bed0a046599cba37":true,"0xa36fbf5dbc2c30342376c8e643ec30e84eaf55ac":true,"0xac128541fb38ee9082cb8f3f1aeec80ffcceb052":true,"0x1e3feb29a44b772b8a6f3075245545a82dedf3e0":true,"0x3fb1d8a7f1473e0afd7e6e5d733bb5667b804da3":true,"0x3628331c3113dd41cc52b58d2ea8e8e3440432cb":true,"0xf2b9ec53d500da6bb2d5250b3b8add92b4eef8fd":true,"0x5020558c2cf007303863abe718efe30f7b5b3ee0":true,"0xdfe7b48cb67d20202a720fe107bc814dc0b72e39":true,"0xaf7c8db5e9cc3b4fa006d4f2d8c14e40c431e8a0":true,"0x97937dfd456d75622329e869dd107180e58ee669":true,"0xcba89988d524459edfbe1a9808c7602b6df03060":true,"0x2db10e73fa07a586c0ef6d51f3312c381167f521":true,"0x140e49172d3d21b108bb4054653f54f53b4adae3":true,"0x34e52c19524e0e944e7f935e41108a89ea3909ba":true,"0x77445107d76754de50887747728806246431caf5":true,"0x7d02d69dd983f1f182d97eec05a88a9cd1af2caf":true,"0x79fbe839947b390b9d067da4c5c1b548f3b34075":true,"0xfeb5b79c7f9168349c936ec3da90f9a9f11cd415":true,"0x028402f7402d6e94b174d7434586deb5418d044c":true,"0x339b02c50edcbc28385267a92b9303e2bbd6b47d":true,"0x2d1aa66b1db7d003391b3365d0110f3ce3446717":true,"0x142e68216f19a945efef583a98b1fb0938617f7e":true,"0xa8407a09f99aab4aa857f82df7ce38a40b293e2f":true,"0xad9c2dd8138359666299a8aab0fe6ba02043e090":true,"0x3ac91be66773ad4bb48176c1295599963bd48850":true,"0xf90dd174348edf0bf59d7f2f423dd05132207946":true,"0xf12be47302f6f60f3270ba60ef8c23134f0d422b":true,"0x6b3451d14c7edaabf3c3956289f8344e557025dc":true,"0x8d05d1bfe52e4325dfe1beb852c34843de97fd32":true,"0x432bcfeba5222fa61cf0d61ba1e326d91aff54df":true,"0x321554acb6e6d98103dd27157ed69b0d6d016c9b":true,"0xabd26598a39df21550bd316350ddb22f2a8a9c7b":true,"0xa396ce3d60b0da64f5ed70c051ba876d9e7b1cb5":true,"0xd5fbabd9d4e3e16a352d930b7ea393e35b2062f2":true,"0x883c2e3bb26ad059e3c7de3ade33b8c2b96d1cf9":true,"0xc26c0acdae89bda314becf386b33e501dbcbfa6e":true},"memoizedUserTokensPerEpoch":{"0x1eedb4a031ce6f4a0e23873f631d294ffaa718ca":1996.2403767434676,"0x322f041810cee536293dcb4c99fc23b3a766940a":705.637395422442,"0x3cf3e8d5427aed066a7a5926980600f6c3cf87b3":27.693152208323507,"0x430cb9225b04e393b2626ba689f7bfbe883d33a0":1500.146089682005,"0x43372356634781eea88d61bbdd7824cdce958882":69.29448461455863,"0x71b82a34ca4b71f068b26fdd8b8bd12864724963":423.81800027136023,"0x74d8a244bd6d12d64d569ae713686038d871aff5":1.3484371223625191,"0x7789806c754eb0af4c3abeb026c218b4ba78f823":1752.926968543394,"0x7d676a88085f3652b2e2e299cbcb529df6b3102c":7.93836079439295,"0xe83cc0c82d009a1c349c1a89feaadfcee9655e8f":89.89601867157334,"0x0c85760791e558476120905685a84a4aaa09d5de":456.3343007932815,"0x1cba7e44bcfd5acc4513f554ab9e86453d086a4c":19.126711591648647,"0x672ac1d712761d9130eb63c82101840ef0d9e147":44.73287087278746,"0x9865a60910312ae621af4f2f46ade944cc422a6f":83.96975526993344,"0xda44c444dc63d3d3719c8b2da410bd52708f2b09":119.80558450136068,"0x39c27e116aadfd210c1aef2309b724c1ab60026d":2.493061801188721,"0x0e8d61f16a2373931ffbfc2993f046e33286dfcc":1269.6223355577388,"0x1064d375827b06a798a6e0bceda92b69b0d0e6f3":22.396800802849317,"0x25fbfad0ac3917dacac50c381eebd44c7865e6e2":1.3171528289513643,"0x394954114bd95e43c57fb6cf23bb61060dafce46":132.4772742422735,"0x4c0340f93e3c590118fc6e35215d51ce7dc80cc1":174.06351843566694,"0x4cc3522b689a6bf1fb4a2444c523e7776db47552":3340.2646889940165,"0x7884975fd40d3a1d030bf35887b28dc6c7ccd5fe":18.11397908292076,"0xb7189981728fa4ac56430648231632da0debb617":72.94565568704671,"0x19bcde88fb71b711e12cefc395f1d19abfa94834":721.4062988237093,"0x296bd652f74deac6a8bd9bcb04265f3a65fd2cf2":0.0009762947708409045,"0x3d613492a4da142c483f0619c7de3652bb32a21c":34.03040517178986,"0x6c9264336622411ea73283e7624bb2a6e00b1322":265.8747280743966,"0x7059109385f47040db8629032d7cf8b5b50670a2":826.0107706558549,"0x8a4c788f043023b8b28a762216d037e9f148532b":1383.6529799239484,"0xd752e6ba8cd2513fa7e811f9b2c7e90b708118c1":52.75505414801864,"0xf1302aafc43aa3a69bcd8058fc7a0259dac246ab":2400.427058872324,"0xdfbd4e21e3b7b7f42720a0e2694fcb4e6bb8f60e":32.730877988210956,"0x57d25e392c86e901ed50e574fe607f4a60b29992":12.191281695624932,"0xd11673b61fb16aa721729f6b84ffc8b9341bbe32":4.2613475376845615,"0xd1a8720c3fb3aa68310d7a218c193318d65faf8a":119.65391713130263,"0x9d84ce0306f8551e02efef1680475fc0f1dc1344":842.6073189266206,"0x4aff1846ee6cf7be93bd14f600ebc0208e84c594":36.99642552606963,"0xb8128d057e3b64d422af55e2f41b2c8cf832be01":354.83212428310185,"0x12aaf1221ee2b3824d0ffef1793919c9ce512a17":0.0006163321535430827,"0x56ac4f06c203d9dcfb1bc23a0ab06995de35de67":0.007392828041990285,"0x5b01c77734e91e913709ce8224af5a97cd098c46":0.0007468065135831413,"0x78bba160dfb3413b3b45abaa47ddda87b2443f8b":0.9478057700897902,"0xa47da63dc5485a4a3cb75b46e87a0513fa80967d":0.0006004625840078897,"0xa5c37f5f7dca565cecd5b5114006dff23a291f5f":39.00539997564139,"0x0fddb7b01b0556dc2a2e877d59cbe9eac5306a1e":3.0979591600644683,"0xa0fbec0ffc8881c3b20aeaaec02d584d3275e939":1.0791989438948892,"0x1ae26dfe2974ce44064f2a821cbdc71bb0cc496a":489.2100863188508,"0xc9a632ddbcafd3c01ff9fbd90898cf39da81b512":0.0004133344551012319,"0xda75e05f29ed9e97f4420bafe11ba0323d27b8fd":0.0020910509573879663,"0x1d330b1a2d9b29937121c912f39b45952ae891ad":0.0000420630369942086,"0x2d4c9371b45485812433d1b24aee3bd4409e6cd1":0.00011033146495322605,"0x7e2f618c3888587d17ae4b5648d92a02c0b4b76c":1.0460497355441872e-7,"0xb2d62e284ac9f13f09dcdd8accab61bfdd7af3bd":1.0460497355441872e-7,"0xbb20fd9abf8212536c4d1a4553167e6a8b7da151":0.9901418786924632,"0xd0b0bf1065726eb7c324056a527976e4dc37b781":20.349759335050642,"0xd335698832c2b4fcff34c307a1af261ac2528db6":0.1934655709478912,"0xe2b1fc269d0c2e27da11fadd1d9596fe28227d2a":0.0005230248677720941,"0xecc773e242bbabb662f9c0b6eeef51b0a33fec3a":3.879703461595713,"0x3e6ebb4adc9f53373089caf3f3d102a4b0576ef6":8.001614575577944,"0x0b644e443a404159a7b5ca4650cf2444b13549bd":683.7364312464891,"0x18f4b5dd4c66e20d55758e38eb503f745bfe7926":13.817590592490099,"0x4518b0847bdf19e357e818575cced1ff024a7180":213.8949024182019,"0x5f2c4798d32ea2de2cc90c21463f19974257cda0":0.07643553729925989,"0xaba62adca919b41367b463c569a1991921e5adc8":1.2554596927633194e-8,"0xed00a1d6a438ddc58455656eff99bb57db771a5c":0.012942684627860203,"0xf25eacb6564930f415a717669472215d3a5b32c5":51.55464608618928,"0xfb23fe615b515ab59c15da4cc707faf85761f68b":0.9912775096209527,"0x4157a7d9e4906c78ea61cff30c998e4d1f1f28e7":47.8218340997821,"0xfaa121303d56999f33c60dc120352055ebc5ab2c":0.008843647443686263,"0x3ea0cd906b9ecc0dca155a55ec46637d81e6eb13":0.000001527461889537462,"0x3177d25a95524e6d98843c78cd604b67fb1b92b9":0,"0x360784ed50abc73bbf13fcb652fca5308d19c08b":115.14971589691861,"0x3d8a89a20aa73fba0f30d080e8120de9f9555724":5.082907789253331e-7,"0x495b97dcdd8e3e4ae7788ca6a53156cd4907e3fc":0.002627078666358108,"0x510f76396f35f66b9ed6e31ae607b65ece6e5817":5.230631844991749e-7,"0x7159e68ed577ff40cd2a2645922e4f975541f7dc":0.6121200307109645,"0x7c61fa02f1fdb9bcf5e5c904ca6a724abc0315c0":5.082907789253331e-7,"0xa8b7f8b34185e9cc62c471e1d353595148a3ee3c":0.00007437031864813457,"0x6b6abb6cdd699f2774bdb78e35f94d7e9c70b4e5":0.586921758193461,"0xacd4b3216062467717b7f5cc36e0c4dae949dbe1":0.3690892706302069,"0xf2075daaec3bf9987dace6aef2f65fb13fd93fc1":50.37323621348942,"0x249f0c316b6258c65b991605a432e3ee0effeda4":53.67476839806656,"0xcbacc7d899e83794f6dfefc3cbec016ace71c36e":0.03393631198411953,"0x0393b7a4c1e4a72564bf8287c7d1471ac9a61130":0,"0x75286fb8498a48a059100f36574da27f30fe4e13":2.7666176142938865,"0x903221b1098263779ae19486028c844e8c338717":40.02095480472467,"0xca3c2bbf417c0429abda4cdcd7f31eac1cc2a324":0.001918196863763368,"0x005dcb2c539eb682f14b7441863c298904d108bd":0.00016041431158991297,"0x17aabc6f554a61d03abaf0ebb773d0424c680457":0.5928022119958084,"0x0e5d49d48694b605c326c570eb6bf388d04f0886":14.004504144498394,"0x12c72d0538ca5eac41eb8ecaf79d3b4001647f48":0.07009101102090062,